{"collision_falling998/final_collision_falling998_125ms_41.mp4": 0.03998360339506173, "collision_falling998/final_collision_falling998_125ms_27.mp4": 0.15849783521947872, "collision_falling998/final_collision_falling998_125ms_28.mp4": 0.1347206415037723, "collision_falling998/final_collision_falling998_125ms_7.mp4": 0.055416264789094644, "collision_falling998/final_collision_falling998_125ms_21.mp4": 0.03366839206104252, "collision_falling998/final_collision_falling998_125ms_26.mp4": 0.03181327160493828, "collision_falling998/final_collision_falling998_125ms_50.mp4": 0.012628654406721536, "collision_falling998/final_collision_falling998_125ms_14.mp4": 0.03179518711419753, "collision_falling998/final_collision_falling998_125ms_9.mp4": 0.05513414673353909, "collision_falling998/final_collision_falling998_125ms_15.mp4": 0.03204745906207133, "collision_falling998/final_collision_falling998_125ms_6.mp4": 0.05495557913237311, "collision_falling998/final_collision_falling998_125ms_8.mp4": 0.05884237825788752, "collision_falling998/final_collision_falling998_125ms_25.mp4": 0.029513460219478743, "collision_falling998/final_collision_falling998_125ms_11.mp4": 0.03461175947359397, "collision_falling998/final_collision_falling998_125ms_5.mp4": 0.05552895126028806, "collision_falling998/final_collision_falling998_125ms_33.mp4": 0.08232995220336077, "collision_falling998/final_collision_falling998_125ms_57.mp4": 0.08395289459019205, "collision_falling998/final_collision_falling998_125ms_37.mp4": 0.012788896390603566, "collision_falling998/final_collision_falling998_125ms_54.mp4": 0.08386868784293551, "collision_falling998/final_collision_falling998_125ms_53.mp4": 0.08423629865397807, "collision_falling998/final_collision_falling998_125ms_10.mp4": 0.08389904299554185, "collision_falling998/final_collision_falling998_125ms_44.mp4": 0.012723256387174212, "collision_falling998/final_collision_falling998_125ms_29.mp4": 0.07972265089163237, "collision_falling998/final_collision_falling998_125ms_36.mp4": 0.01526907043038409, "collision_falling998/final_collision_falling998_125ms_13.mp4": 0.0320582561728395, "collision_falling998/final_collision_falling998_125ms_22.mp4": 0.03168057163065843, "collision_falling998/final_collision_falling998_125ms_24.mp4": 0.030098861882716047, "collision_falling998/final_collision_falling998_125ms_45.mp4": 0.0120166216563786, "collision_falling998/final_collision_falling998_125ms_12.mp4": 0.032305705589849104, "collision_falling998/final_collision_falling998_125ms_35.mp4": 0.013271497770919067, "collision_falling998/final_collision_falling998_125ms_52.mp4": 0.3510533211162552, "collision_falling998/final_collision_falling998_125ms_58.mp4": 0.0829945773319616, "collision_falling998/final_collision_falling998_125ms_39.mp4": 0.020643700703017832, "collision_falling998/final_collision_falling998_125ms_55.mp4": 0.08386156121399176, "collision_falling998/final_collision_falling998_125ms_56.mp4": 0.08351554462448559, "collision_falling998/final_collision_falling998_125ms_23.mp4": 0.030820660793895744, "collision_falling998/final_collision_falling998_125ms_48.mp4": 0.012104740012002742, "collision_falling998/final_collision_falling998_125ms_49.mp4": 0.011515855409807957, "collision_falling998/final_collision_falling998_125ms_30.mp4": 0.08313268925754459, "collision_falling998/final_collision_falling998_125ms_34.mp4": 0.0652658822016461, "collision_falling998/final_collision_falling998_125ms_42.mp4": 0.012321485982510288, "collision_falling998/final_collision_falling998_125ms_32.mp4": 0.08135068372770919, "collision_falling998/final_collision_falling998_125ms_19.mp4": 0.03157769097222222, "collision_falling998/final_collision_falling998_125ms_46.mp4": 0.011898014188957475, "collision_falling998/final_collision_falling998_125ms_18.mp4": 0.04056683491941015, "collision_falling998/final_collision_falling998_125ms_20.mp4": 0.047941690243484235, "collision_falling998/final_collision_falling998_125ms_51.mp4": 0.09719371570644719, "collision_falling998/final_collision_falling998_125ms_43.mp4": 0.01251052919238683, "collision_falling998/final_collision_falling998_125ms_16.mp4": 0.03151644483024691, "collision_falling998/final_collision_falling998_125ms_17.mp4": 0.03188094778806585, "collision_falling998/final_collision_falling998_125ms_38.mp4": 0.015429607124485599, "collision_falling998/final_collision_falling998_125ms_40.mp4": 0.014739985210905351, "collision_falling998/final_collision_falling998_125ms_47.mp4": 0.012117278592249656, "collision_falling998/final_collision_falling998_125ms_31.mp4": 0.10257394547325104}