{"falling_falling316/final_falling_falling316_125ms_28.mp4": 0.07121809092078189, "falling_falling316/final_falling_falling316_125ms_25.mp4": 0.06845202117626886, "falling_falling316/final_falling_falling316_125ms_5.mp4": 0.024881821201989025, "falling_falling316/final_falling_falling316_125ms_16.mp4": 0.02209809563614541, "falling_falling316/final_falling_falling316_125ms_8.mp4": 0.02267299489883402, "falling_falling316/final_falling_falling316_125ms_9.mp4": 0.024212855795610427, "falling_falling316/final_falling_falling316_125ms_7.mp4": 0.021259109224965708, "falling_falling316/final_falling_falling316_125ms_3.mp4": 0.023178235382373114, "falling_falling316/final_falling_falling316_125ms_2.mp4": 0.021372170781893005, "falling_falling316/final_falling_falling316_125ms_15.mp4": 0.025052994255829904, "falling_falling316/final_falling_falling316_125ms_20.mp4": 0.032950692301097394, "falling_falling316/final_falling_falling316_125ms_1.mp4": 0.021066288365912206, "falling_falling316/final_falling_falling316_125ms_6.mp4": 0.0219327364111797, "falling_falling316/final_falling_falling316_125ms_19.mp4": 0.02471067493998628, "falling_falling316/final_falling_falling316_125ms_33.mp4": 0.09722240976508915, "falling_falling316/final_falling_falling316_125ms_11.mp4": 0.022752030821330593, "falling_falling316/final_falling_falling316_125ms_22.mp4": 0.02520937821502058, "falling_falling316/final_falling_falling316_125ms_21.mp4": 0.02584252293381344, "falling_falling316/final_falling_falling316_125ms_13.mp4": 0.02244751478909465, "falling_falling316/final_falling_falling316_125ms_26.mp4": 0.07258838627400548, "falling_falling316/final_falling_falling316_125ms_27.mp4": 0.07160338434499315, "falling_falling316/final_falling_falling316_125ms_32.mp4": 0.094990435313786, "falling_falling316/final_falling_falling316_125ms_30.mp4": 0.2884825638717421, "falling_falling316/final_falling_falling316_125ms_4.mp4": 0.025416559499314127, "falling_falling316/final_falling_falling316_125ms_12.mp4": 0.022069026491769547, "falling_falling316/final_falling_falling316_125ms_29.mp4": 0.08125948431069958, "falling_falling316/final_falling_falling316_125ms_34.mp4": 0.1013079775377229, "falling_falling316/final_falling_falling316_125ms_18.mp4": 0.023261263288751718, "falling_falling316/final_falling_falling316_125ms_23.mp4": 0.10383482295953361, "falling_falling316/final_falling_falling316_125ms_17.mp4": 0.020922442986968447, "falling_falling316/final_falling_falling316_125ms_31.mp4": 0.11561398855452676, "falling_falling316/final_falling_falling316_125ms_10.mp4": 0.04815570344650206, "falling_falling316/final_falling_falling316_125ms_24.mp4": 0.21384971922153637, "falling_falling316/final_falling_falling316_125ms_14.mp4": 0.026223824374142658}