{"falling_collision998/final_falling_collision998_125ms_18.mp4": 0.040254924339849105, "falling_collision998/final_falling_collision998_125ms_9.mp4": 0.05271588863168725, "falling_collision998/final_falling_collision998_125ms_27.mp4": 0.04166181734396433, "falling_collision998/final_falling_collision998_125ms_33.mp4": 0.009625503686556928, "falling_collision998/final_falling_collision998_125ms_30.mp4": 0.020316411608367627, "falling_collision998/final_falling_collision998_125ms_3.mp4": 0.05030135459533608, "falling_collision998/final_falling_collision998_125ms_15.mp4": 0.040413398062414264, "falling_collision998/final_falling_collision998_125ms_7.mp4": 0.05323827589163238, "falling_collision998/final_falling_collision998_125ms_23.mp4": 0.04174602409122085, "falling_collision998/final_falling_collision998_125ms_12.mp4": 0.17066596472050755, "falling_collision998/final_falling_collision998_125ms_14.mp4": 0.039963723851165985, "falling_collision998/final_falling_collision998_125ms_16.mp4": 0.03997650355795611, "falling_collision998/final_falling_collision998_125ms_2.mp4": 0.05108372985253772, "falling_collision998/final_falling_collision998_125ms_21.mp4": 0.041111861282578877, "falling_collision998/final_falling_collision998_125ms_31.mp4": 0.01497974537037037, "falling_collision998/final_falling_collision998_125ms_4.mp4": 0.05401320301783264, "falling_collision998/final_falling_collision998_125ms_5.mp4": 0.05067507394547325, "falling_collision998/final_falling_collision998_125ms_11.mp4": 0.3301711194701646, "falling_collision998/final_falling_collision998_125ms_1.mp4": 0.049566990312071325, "falling_collision998/final_falling_collision998_125ms_10.mp4": 0.3357851080246914, "falling_collision998/final_falling_collision998_125ms_20.mp4": 0.07319329239540466, "falling_collision998/final_falling_collision998_125ms_22.mp4": 0.040539185742455415, "falling_collision998/final_falling_collision998_125ms_13.mp4": 0.0408421746399177, "falling_collision998/final_falling_collision998_125ms_28.mp4": 0.04074427726337448, "falling_collision998/final_falling_collision998_125ms_26.mp4": 0.04084930126886146, "falling_collision998/final_falling_collision998_125ms_8.mp4": 0.05255232445987656, "falling_collision998/final_falling_collision998_125ms_17.mp4": 0.041147815929355284, "falling_collision998/final_falling_collision998_125ms_19.mp4": 0.04128949116941016, "falling_collision998/final_falling_collision998_125ms_25.mp4": 0.042067124271262, "falling_collision998/final_falling_collision998_125ms_24.mp4": 0.04067311814128943, "falling_collision998/final_falling_collision998_125ms_6.mp4": 0.05134328918038408, "falling_collision998/final_falling_collision998_125ms_32.mp4": 0.009287256730109739, "falling_collision998/final_falling_collision998_125ms_29.mp4": 0.03562840256344307}