{"falling_occlusion998/final_falling_occlusion998_125ms_6.mp4": 0.032381740826474624, "falling_occlusion998/final_falling_occlusion998_125ms_3.mp4": 0.028807816786694102, "falling_occlusion998/final_falling_occlusion998_125ms_22.mp4": 0.5364458215449245, "falling_occlusion998/final_falling_occlusion998_125ms_11.mp4": 0.032301204561042525, "falling_occlusion998/final_falling_occlusion998_125ms_29.mp4": 0.06646077139060357, "falling_occlusion998/final_falling_occlusion998_125ms_21.mp4": 0.051997438700274345, "falling_occlusion998/final_falling_occlusion998_125ms_10.mp4": 0.07165980795610426, "falling_occlusion998/final_falling_occlusion998_125ms_19.mp4": 0.03070261595507545, "falling_occlusion998/final_falling_occlusion998_125ms_9.mp4": 0.032212041323731136, "falling_occlusion998/final_falling_occlusion998_125ms_15.mp4": 0.03122417266803841, "falling_occlusion998/final_falling_occlusion998_125ms_31.mp4": 0.10196735146604939, "falling_occlusion998/final_falling_occlusion998_125ms_33.mp4": 0.06672970786179698, "falling_occlusion998/final_falling_occlusion998_125ms_5.mp4": 0.029877775634430725, "falling_occlusion998/final_falling_occlusion998_125ms_17.mp4": 0.030174655992798356, "falling_occlusion998/final_falling_occlusion998_125ms_16.mp4": 0.031680812757201644, "falling_occlusion998/final_falling_occlusion998_125ms_26.mp4": 0.06761370456104253, "falling_occlusion998/final_falling_occlusion998_125ms_20.mp4": 0.04497221686385459, "falling_occlusion998/final_falling_occlusion998_125ms_18.mp4": 0.03066323195301783, "falling_occlusion998/final_falling_occlusion998_125ms_32.mp4": 0.06768365805041153, "falling_occlusion998/final_falling_occlusion998_125ms_13.mp4": 0.03321949481310014, "falling_occlusion998/final_falling_occlusion998_125ms_25.mp4": 0.02595545053155007, "falling_occlusion998/final_falling_occlusion998_125ms_12.mp4": 0.03257469564471879, "falling_occlusion998/final_falling_occlusion998_125ms_14.mp4": 0.03141750257201646, "falling_occlusion998/final_falling_occlusion998_125ms_8.mp4": 0.03146738897462278, "falling_occlusion998/final_falling_occlusion998_125ms_30.mp4": 0.06936953446502057, "falling_occlusion998/final_falling_occlusion998_125ms_28.mp4": 0.06653420781893003, "falling_occlusion998/final_falling_occlusion998_125ms_27.mp4": 0.06600011252572016, "falling_occlusion998/final_falling_occlusion998_125ms_7.mp4": 0.03265185613854595, "falling_occlusion998/final_falling_occlusion998_125ms_34.mp4": 0.034703950188614545, "falling_occlusion998/final_falling_occlusion998_125ms_23.mp4": 0.032913371270576135, "falling_occlusion998/final_falling_occlusion998_125ms_4.mp4": 0.03055785965363512, "falling_occlusion998/final_falling_occlusion998_125ms_2.mp4": 0.022680094735939644}