{"occlusion_falling998/final_occlusion_falling998_125ms_8.mp4": 0.032966633444787376, "occlusion_falling998/final_occlusion_falling998_125ms_11.mp4": 0.033979391718106995, "occlusion_falling998/final_occlusion_falling998_125ms_14.mp4": 0.03350967721193416, "occlusion_falling998/final_occlusion_falling998_125ms_33.mp4": 0.08624008701989026, "occlusion_falling998/final_occlusion_falling998_125ms_7.mp4": 0.03314153056412895, "occlusion_falling998/final_occlusion_falling998_125ms_16.mp4": 0.018265657150205762, "occlusion_falling998/final_occlusion_falling998_125ms_15.mp4": 0.02416457690329218, "occlusion_falling998/final_occlusion_falling998_125ms_6.mp4": 0.03464717828360769, "occlusion_falling998/final_occlusion_falling998_125ms_2.mp4": 0.031089543681412896, "occlusion_falling998/final_occlusion_falling998_125ms_4.mp4": 0.032173005615569274, "occlusion_falling998/final_occlusion_falling998_125ms_35.mp4": 0.08707636745541837, "occlusion_falling998/final_occlusion_falling998_125ms_29.mp4": 0.08574821566358025, "occlusion_falling998/final_occlusion_falling998_125ms_32.mp4": 0.08699269654492457, "occlusion_falling998/final_occlusion_falling998_125ms_30.mp4": 0.08596016589506172, "occlusion_falling998/final_occlusion_falling998_125ms_37.mp4": 0.05188657407407408, "occlusion_falling998/final_occlusion_falling998_125ms_34.mp4": 0.08635529192386832, "occlusion_falling998/final_occlusion_falling998_125ms_36.mp4": 0.08632549939986284, "occlusion_falling998/final_occlusion_falling998_125ms_12.mp4": 0.03337566443758574, "occlusion_falling998/final_occlusion_falling998_125ms_13.mp4": 0.03383651084533608, "occlusion_falling998/final_occlusion_falling998_125ms_5.mp4": 0.03272781099965706, "occlusion_falling998/final_occlusion_falling998_125ms_9.mp4": 0.03295002250514404, "occlusion_falling998/final_occlusion_falling998_125ms_26.mp4": 0.03636249892832648, "occlusion_falling998/final_occlusion_falling998_125ms_3.mp4": 0.031034486454046637, "occlusion_falling998/final_occlusion_falling998_125ms_10.mp4": 0.06737509645061729, "occlusion_falling998/final_occlusion_falling998_125ms_17.mp4": 0.015296183770576134, "occlusion_falling998/final_occlusion_falling998_125ms_28.mp4": 0.08725713198731139, "occlusion_falling998/final_occlusion_falling998_125ms_27.mp4": 0.4783825499399863, "occlusion_falling998/final_occlusion_falling998_125ms_31.mp4": 0.10559885116598079, "occlusion_falling998/final_occlusion_falling998_125ms_1.mp4": 0.03026743612825789}